{
    "session": [
        {
            "1652711128.3645344": {
                "global_loss": 0.7192336320877075,
                "global_accuracy": 0.4444444477558136
            }
        },
        {
            "1652742619.005878": {
                "global_loss": 0.7304717302322388,
                "global_accuracy": 0.44999998807907104
            }
        }
    ]
}